pdb_id,ec_gate_R30_D404,substrate_region_Y108_F253,intracellular_region_R5_D369
3F3A,14.676908269541615,13.491651991580351,9.009896241669187
3F3C,12.031530282855362,11.893767935277793,9.133941450084636
3F3D,11.902795645958689,11.804615113940871,8.909954598907328
3F3E,11.977407805092561,11.776314994455303,8.955658505933684
3F4I,11.966334485160532,11.895287460567367,9.028787138502203
3F4J,11.853118331669954,11.87446994602384,9.121703087917359
3GJC,12.06362577729147,11.912949486945523,8.419122872594725
3GJD,11.947166483618812,11.727302868450161,9.072598007568372
3MPN,11.90623141710328,11.761413225648232,9.038994131925973
3MPQ,11.98651064229827,11.853170468127267,9.184975621124126
3QS4,14.565220918351724,13.741144276242347,9.015281419471364
3QS5,12.171208687835879,11.929099757337426,9.240273800711178
3QS6,12.096613739590255,11.980050989211255,9.112012844381415
3TT1,14.344110621487983,14.085668847964985,8.711840445074145
3TT3,9.638219301368357,11.768120611198993,
3TU0,11.929322322709767,11.726689367859688,9.101693266227993
3USI,11.44802788821275,11.888841773521099,9.063118749081958
3USL,11.69767310324038,12.018892674782053,8.981959593793063
3USM,11.652580113048597,12.05104715063209,9.004410404811702
3USO,11.698624645808396,12.002165916797516,9.094974396068233
3USP,11.998309334230504,11.848855883256725,9.153740340387545
5JAE,14.413248410276156,13.525416431608955,9.157081123621754
5JAF,14.619979648810753,13.290062563413805,9.297359575737964
5JAG,14.718706977279213,13.826716360985657,8.805757581102743
6XWM,9.900100291351022,11.45243552345724,
