pdb_id,state,rmsd_to_outward_open,rmsd_to_occluded,rmsd_to_inward_open,rmsd_to_inward_occluded,rmsd_to_outward_return,ec_gate_R30_D404,substrate_region_Y108_F253,intracellular_region_R5_D369
3F3A,outward_open,4.864171646711871,5.403493797971062,8.235851679457065,10.459822346073492,5.968586351909754,14.676908269541617,13.491651991580351,9.009896241669187
3F3C,occluded,5.145190605743694,0.2258652412010773,8.655162872011864,11.239520049828483,3.928791021801089,12.031530282855362,11.893767935277792,9.133941450084636
3F3D,occluded,5.122772285293456,0.1896610935708209,8.645540617979803,11.232184199956256,3.937577974718382,11.902795645958689,11.804615113940873,8.909954598907328
3F3E,occluded,5.1246438820525,8.077311479768446e-15,8.639896497012295,11.227712549464476,3.92859948188826,11.97740780509256,11.776314994455303,8.955658505933684
3F4I,occluded,5.118724513176343,0.1443983608006205,8.650393605462986,11.238508560756138,3.922642216534155,11.966334485160532,11.895287460567369,9.028787138502205
3F4J,occluded,5.132652530277363,0.2361180406487194,8.646583957117809,11.231363852579683,3.9230973307675607,11.853118331669954,11.87446994602384,9.12170308791736
3GJC,outward_occluded,9.558074638477745,6.829268236482228,12.686951286308068,14.74329215451521,5.66538850561861,12.06362577729147,11.912949486945523,8.419122872594725
3GJD,outward_occluded,5.121603776215314,0.1709177446388085,8.63459241458569,11.22235194406,3.935356163398447,11.947166483618812,11.72730286845016,9.072598007568372
3QS4,outward_open,4.854401402634336,4.573256819436979,8.23671936508643,10.46849165267164,5.972330735983231,14.565220918351724,13.741144276242348,9.015281419471364
3QS5,outward_open,5.139539329198835,0.4085599671855169,8.649569713253326,11.23249363881034,3.925861123883417,12.17120868783588,11.929099757337426,9.240273800711178
3QS6,outward_open,5.119972950151066,0.4521887151239537,8.651512511666816,11.236411581425344,3.918338410636536,12.096613739590255,11.980050989211255,9.112012844381416
3TT1,outward_open,9.824558984038976e-15,5.1246438820525,7.059587889469589,8.696538916564052,6.276470264218894,14.344110621487983,14.085668847964984,8.711840445074145
3TT3,inward_open,7.059587889469583,8.639896497012298,1.1775532564619127e-14,6.151386196285698,10.221900112591811,9.638219301368355,11.768120611198992,
3TU0,inward_open,5.099313729862745,0.3547575982858256,8.61935771597767,11.189893268771524,3.948721183974603,11.929322322709767,11.726689367859688,9.101693266227992
3USI,occluded,4.894356114559643,4.121255278938792,8.055084159754838,10.24908561931414,5.84566034397552,11.44802788821275,11.8888417735211,9.063118749081958
3USL,occluded,4.876340605354844,3.706647234099615,8.104479218899789,10.37898467565348,5.52840534533976,11.69767310324038,12.018892674782052,8.981959593793063
3USM,occluded,4.87544759915654,3.703634641794008,8.102745206021131,10.37986379494572,5.5267949690492175,11.652580113048597,12.05104715063209,9.004410404811702
3USO,occluded,4.874994501270161,3.7087700758881503,8.10505223030911,10.38506917480032,5.531909757304104,11.698624645808396,12.002165916797516,9.094974396068231
3USP,outward_occluded,5.155874770784366,3.172480814963997,8.711184422427257,11.09548982319916,4.9139367281942485,11.998309334230504,11.848855883256723,9.153740340387545
5JAE,outward_return,6.276470264218892,3.9285994818882615,10.22190011259181,12.275036566504705,1.2885483960073242e-14,14.413248410276156,13.525416431608956,9.157081123621754
5JAF,outward_return,3.973197468014916,5.658100549345519,7.898577525100865,9.73083426933257,6.373747118473952,14.619979648810752,13.290062563413803,9.297359575737964
5JAG,outward_return,5.620118098054576,3.1906406006522703,9.11652939164419,11.5625886479959,3.962564982925153,14.718706977279211,13.826716360985657,8.805757581102743
6XWM,inward_occluded,8.696538916564052,11.22771254946448,6.1513861962856975,5.989033194835503e-15,12.2750365665047,9.900100291351022,11.45243552345724,
