pdb_id,rmsd_to_outward_open,rmsd_to_occluded,rmsd_to_inward_open,rmsd_to_inward_occluded,rmsd_to_outward_return
3F3A,4.864171646711871,5.403493797971062,8.235851679457065,10.459822346073492,5.968586351909754
3F3C,5.145190605743694,0.22586524120107734,8.655162872011864,11.239520049828485,3.928791021801089
3F3D,5.122772285293456,0.18966109357082098,8.645540617979803,11.232184199956256,3.937577974718382
3F3E,5.1246438820525,8.077311479768446e-15,8.639896497012295,11.227712549464476,3.92859948188826
3F4I,5.118724513176343,0.14439836080062055,8.650393605462986,11.238508560756138,3.922642216534155
3F4J,5.132652530277363,0.2361180406487194,8.646583957117809,11.231363852579685,3.9230973307675607
3GJC,9.558074638477743,6.8292682364822275,12.686951286308068,14.74329215451521,5.66538850561861
3GJD,5.121603776215314,0.17091774463880852,8.63459241458569,11.22235194406,3.935356163398447
3MPN,5.122638548745179,1.7217122675781396,8.626271547588148,11.206056753247168,4.264281725063769
3MPQ,5.580906715415356,7.003261810670561,9.153464626898002,10.287422911284803,7.155507758055436
3QS4,4.854401402634336,4.573256819436979,8.23671936508643,10.46849165267164,5.972330735983231
3QS5,5.139539329198835,0.40855996718551696,8.649569713253326,11.23249363881034,3.925861123883417
3QS6,5.119972950151066,0.4521887151239537,8.651512511666816,11.236411581425344,3.918338410636536
3TT1,9.824558984038976e-15,5.1246438820525,7.059587889469589,8.696538916564052,6.276470264218894
3TT3,7.059587889469583,8.639896497012298,1.1775532564619129e-14,6.151386196285698,10.221900112591813
3TU0,5.099313729862745,0.35475759828582565,8.61935771597767,11.189893268771524,3.948721183974603
3USI,4.894356114559643,4.121255278938792,8.055084159754838,10.249085619314139,5.84566034397552
3USL,4.8763406053548435,3.706647234099615,8.104479218899789,10.37898467565348,5.52840534533976
3USM,4.87544759915654,3.7036346417940083,8.102745206021131,10.37986379494572,5.5267949690492175
3USO,4.874994501270161,3.7087700758881503,8.10505223030911,10.38506917480032,5.531909757304104
3USP,5.155874770784366,3.172480814963997,8.711184422427257,11.095489823199161,4.9139367281942485
5JAE,6.276470264218892,3.9285994818882615,10.22190011259181,12.275036566504703,1.2885483960073242e-14
5JAF,3.9731974680149156,5.6581005493455185,7.898577525100865,9.73083426933257,6.373747118473952
5JAG,5.620118098054576,3.1906406006522703,9.11652939164419,11.562588647995899,3.962564982925153
6XWM,8.696538916564052,11.22771254946448,6.1513861962856975,5.989033194835503e-15,12.2750365665047
