pdb_id,title,resolution,doi,keywords,state,notes,predicted_state,best_rmsd,correct
3GJC,CRYSTAL STRUCTURE OF THE E290S MUTANT OF LEUT WITH BOUND OG,2.80 ANGSTROMS.,10.1073/PNAS.0811322106,"TRANSMEMBRANE TRANSPORT, NEUROTRANSMITTER:SODIUM SYMPORT, SODIUM- COUPLED TRANSPORT, NSS, AMINOACID TRANSPORT, SYMPORT, TRANSMEMBRANE, TRANSPORT, TRANSPORT PROTEIN",outward_occluded,OG-bound inhibitor complex,outward_return,5.66538850561861,False
3GJD,CRYSTAL STRUCTURE OF LEUT WITH BOUND OG,2.00 ANGSTROMS.,10.1073/PNAS.0811322106,"TRANSMEMBRANE TRANSPORT, NEUROTRANSMITTER:SODIUM SYMPORT, SODIUM- COUPLED TRANSPORT, NSS, AMINOACID TRANSPORT, SYMPORT, TRANSMEMBRANE, TRANSPORT, TRANSPORT PROTEIN",outward_occluded,OG-bound inhibitor complex,occluded,0.1709177446388085,False
3QS4,CRYSTAL STRUCTURE OF LEUT MUTANT F259V BOUND TO SODIUM AND L- TRYPTOPHAN,2.63 ANGSTROMS.,10.1038/EMBOJ.2011.353,"NSS, NEUROTRANSMITTER TRANSPORTER, LEUT-FOLD, SODIUM-COUPLED SECONDARY TRANSPORTER, SODIUM AND AMINO ACID BINDING, MEMBRANE, TRANSPORT PROTEIN",outward_open,Tryptophan-bound mutant,occluded,4.573256819436979,False
3QS5,CRYSTAL STRUCTURE OF LEUT MUTANT I359Q BOUND TO SODIUM AND L- TRYPTOPHAN,2.60 ANGSTROMS.,10.1038/EMBOJ.2011.353,"NSS, NEUROTRANSMITTER, TRANSPORTER, LEUT-FOLD, SODIUM-COUPLED SECONDARY TRANSPORTER, SODIUM AND AMINO ACID BINDING, MEMBRANE, TRANSPORT PROTEIN",outward_open,Tryptophan-bound mutant,occluded,0.4085599671855169,False
3QS6,"CRYSTAL STRUCTURE OF LEUT MUTANT F259V,I359Q BOUND TO SODIUM AND L- TRYPTOPHAN",2.80 ANGSTROMS.,10.1038/EMBOJ.2011.353,"NSS, NEUROTRANSMITTER TRANSPORTER, LEUT-FOLD, SODIUM-COUPLED SECONDARY TRANSPORTER, SODIUM AND AMINO ACID BINDING, MEMBRANE, TRANSPORT PROTEIN",outward_open,Tryptophan-bound mutant,occluded,0.4521887151239537,False
3TU0,"CRYSTAL STRUCTURE OF T355V, S354A, K288A LEUT MUTANT IN COMPLEX WITH ALANINE AND SODIUM",2.99 ANGSTROMS.,10.1038/NATURE10737,"LEUT-FOLD, SODIUM-DEPENDENT AMINO ACID TRANSPORTER, PLASMA MEMBRANE, TRANSPORT PROTEIN",inward_open,Mutant associated with inward-open state,occluded,0.3547575982858256,False
3USP,CRYSTAL STRUCTURE OF LEUT IN HEPTYL-BETA-D-SELENOGLUCOSIDE,2.10 ANGSTROMS.,10.1038/NSMB.2215,"LEUCINE TRANSPORTER, TRANSPORT PROTEIN",outward_occluded,Detergent-bound; verify,occluded,3.172480814963997,False
5JAF,"LEUT NA+-FREE RETURN STATE, C2 FORM AT PH 5",3.02 ANGSTROMS.,10.1038/NCOMMS11673,"MEMBRANE PROTEIN, NEUROTRANSMITTER:SODIUM SYMPORTER FAMILY, AMINO ACID TRANSPORTER, TRANSPORT PROTEIN",outward_return,Na-free return state,outward_open,3.973197468014916,False
5JAG,"LEUT T354H MUTANT IN THE OUTWARD-ORIENTED, NA+-FREE RETURN STATE",2.58 ANGSTROMS.,10.1038/NCOMMS11673,"NSS FAMILY, APO STATE, TRANSPORT PROTEIN",outward_return,Na-free return state,occluded,3.1906406006522703,False
